{"vec_doubles": [1.300000, 2.100000, 3.200000],
 "palabras": ["hola", "mundo"],
 "listas": [
	[1, 2], 
	[3, 4]]
}